descricao,valor,categoria
Combustivel,287.68,Transporte
99!!!,1015.66,Transporte
lanche,448.68,Alimentacao
Idiomas,327.72,Educacao
Assinatura Software,1529.35,Servicos
Uber,694.47,Transporte
IDIOMAS,1845.37,Educacao
99,1772.05,Transporte
Viagem!!!,585.88,Lazer
Estacionamento,912.29,Transporte
Show,541.29,Lazer
Manutencao,497.17,Transporte
Boleto Avulso,1379.44,Outras
Reforma,121.32,Moradia
Acougue,1138.69,Alimentacao
Viagem,1829.95,Lazer
Transferencia,1127.12,Outras
Aula Particular,804.81,Educacao
Condominio!!!,228.2,Moradia
Dentista,1195.82,Saude
PIX,32.85,Outras
99,686.95,Transporte
FACULDADE,1442.16,Educacao
Medicamento,603.91,Saude
Condominio,1907.46,Moradia
Sushi,1758.66,Alimentacao
curso online,180.45,Educacao
Pagamento Diverso,260.26,Outras
Transferencia,852.04,Outras
Gas,1428.77,Moradia
Fatura Cartao,1039.98,Servicos
Estacionamento,1180.73,Transporte
Gas,465.59,Moradia
ACOUGUE,436.33,Alimentacao
Psicologo,820.05,Saude
Uber,828.09,Transporte
restaurante,227.45,Alimentacao
Condominio,375.14,Moradia
Transferencia,1713.37,Outras
Combustivel,39.37,Transporte
ESTACIONAMENTO,808.07,Transporte
Padaria,537.75,Alimentacao
PIX,1990.89,Outras
TRANSFERENCIA,131.31,Outras
STREAMING,1066.94,Lazer
LANCHE,1353.67,Alimentacao
agua,1193.09,Moradia
Pedagio,639.58,Transporte
Curso Online,538.57,Educacao
Hospital,1872.11,Saude
Pizzaria,208.96,Alimentacao
Gas,1762.92,Moradia
Energia Eletrica,1091.0,Moradia
Material Didatico,1062.59,Educacao
aula particular,1780.53,Educacao
Hospital,692.33,Saude
Material Didatico,1693.75,Educacao
Pedagio!!!,270.33,Transporte
Curso Online,861.1,Educacao
restaurante,1095.72,Alimentacao
TEATRO,1798.97,Lazer
Acougue,214.56,Alimentacao
Convenio,481.11,Servicos
Plano de Saude,671.05,Saude
Fatura Cartao,540.94,Servicos
Pedagio,452.64,Transporte
PIX,462.92,Outras
Ifood,148.15,Alimentacao
Livros,1962.49,Educacao
streaming,1925.44,Lazer
MENSALIDADE ESCOLAR,634.22,Educacao
Pedagio,98.33,Transporte
Cartao de Credito,1376.85,Servicos
Energia Eletrica,1842.33,Moradia
Cinema,625.48,Lazer
Assinatura Software,263.3,Servicos
Fatura Cartao,1806.58,Servicos
Faculdade!!!,865.48,Educacao
Parque,1027.24,Lazer
Consulta Medica,1242.33,Saude
Estacionamento,406.27,Transporte
Supermercado,1700.98,Alimentacao
Metro,396.93,Transporte
Seguro,1378.37,Servicos
Pedagio,1394.86,Transporte
Pagamento Diverso,251.5,Outras
Psicologo,1194.95,Saude
Boleto Avulso,1795.44,Outras
Boleto Avulso,1278.95,Outras
Transferencia!!!,550.71,Outras
TEATRO,314.08,Lazer
Aluguel,937.19,Moradia
Ifood,1541.89,Alimentacao
Sushi!!!,1509.42,Alimentacao
Convenio,1210.47,Servicos
Agua,67.76,Moradia
Spotify,1839.89,Lazer
Hortifruti,177.06,Alimentacao
Tarifa Bancaria,527.71,Servicos
Viagem,1760.48,Lazer
Idiomas,1671.47,Educacao
Pagamento Diverso,456.2,Outras
Combustivel,406.73,Transporte
SUSHI,1132.3,Alimentacao
Agua,343.9,Moradia
Gasolina,61.1,Transporte
Material Didatico,799.34,Educacao
Aluguel,493.27,Moradia
Idiomas,1594.49,Educacao
Acougue,147.22,Alimentacao
Streaming,220.02,Lazer
Parque,1470.25,Lazer
Material Didatico,972.16,Educacao
Fatura Cartao,498.54,Servicos
Onibus,934.77,Transporte
assinatura software,432.12,Servicos
Livros,1761.41,Educacao
Lanche,982.27,Alimentacao
Reforma,901.87,Moradia
Restaurante,494.18,Alimentacao
Parque,1993.3,Lazer
Netflix,510.29,Lazer
Estacionamento,1902.25,Transporte
Academia,1451.92,Saude
Mensalidade Escolar,728.15,Educacao
Mensalidade Escolar,100.58,Educacao
Lanche,1279.36,Alimentacao
Pagamento Diverso,944.1,Outras
PIX,960.68,Outras
Pedagio,1376.04,Transporte
Plano de Saude,179.51,Saude
Aluguel,1196.29,Moradia
IPTU,891.01,Moradia
Assinatura Software,207.47,Servicos
Reforma,322.54,Moradia
MEDICAMENTO,1191.68,Saude
Mensalidade Escolar,1408.95,Educacao
Pagamento Diverso,1577.78,Outras
AGUA,538.61,Moradia
consulta medica,1650.24,Saude
faculdade,1885.93,Educacao
BOLETO AVULSO,651.42,Outras
mensalidade escolar,1154.65,Educacao
Feira,358.63,Alimentacao
pix,988.53,Outras
Metro,1343.57,Transporte
Exame,1328.54,Saude
CONVENIO,240.68,Servicos
Convenio,929.33,Servicos
Ifood,1002.0,Alimentacao
Pagamento Diverso,1856.07,Outras
boleto avulso,486.2,Outras
Hospital,195.49,Saude
Metro,316.4,Transporte
Material Didatico,970.17,Educacao
Transferencia,389.31,Outras
Consulta Medica,835.74,Saude
idiomas,1164.05,Educacao
Transferencia,671.56,Outras
Seguro,1961.74,Servicos
Gas,827.44,Moradia
Parque,778.3,Lazer
Psicologo,1931.05,Saude
Cinema,1056.64,Lazer
Pagamento Diverso,1313.01,Outras
Consulta Medica,683.74,Saude
FATURA CARTAO,1071.91,Servicos
Parque!!!,1266.01,Lazer
Curso Online,205.9,Educacao
METRO!!!,121.68,Transporte
Netflix,829.98,Lazer
plano de saude,1369.44,Saude
Transferencia,924.55,Outras
Pizzaria,324.37,Alimentacao
PIX,1924.44,Outras
Faculdade,775.54,Educacao
Pagamento Diverso,1153.88,Outras
Mensalidade Escolar,556.22,Educacao
Sushi,1806.84,Alimentacao
Gas,388.36,Moradia
Aula Particular,1364.9,Educacao
Consulta Medica,624.78,Saude
Pagamento Diverso,189.37,Outras
Livros,273.0,Educacao
Teatro,337.44,Lazer
PIX,239.19,Outras
Gasolina,1355.88,Transporte
Convenio,37.7,Servicos
Metro,531.7,Transporte
Fatura Cartao,475.31,Servicos
Sushi,1831.36,Alimentacao
reforma,611.36,Moradia
cartao de credito,990.32,Servicos
Estacionamento,912.75,Transporte
Convenio,835.62,Servicos
Metro,566.68,Transporte
Viagem,1712.35,Lazer
Oficina Mecanica,723.76,Transporte
ASSINATURA SOFTWARE,914.89,Servicos
Reforma,110.65,Moradia
Viagem,418.36,Lazer
Gas,663.83,Moradia
Farmacia,1975.18,Saude
idiomas!!!,1582.07,Educacao
Gas,114.27,Moradia
CONVENIO,730.46,Servicos
Metro,96.3,Transporte
Faculdade,1696.12,Educacao
fatura cartao,1799.54,Servicos
SHOW,1101.23,Lazer
Spotify,912.89,Lazer
Cartao de Credito,1312.88,Servicos
Agua,684.47,Moradia
Boleto Avulso!!!,1333.56,Outras
Show,191.54,Lazer
Uber,751.57,Transporte
medicamento,1343.33,Saude
Assinatura Software,851.64,Servicos
Feira,1160.06,Alimentacao
Condominio,225.35,Moradia
Cinema,1616.37,Lazer
Sushi,542.22,Alimentacao
Hospital,686.25,Saude
Padaria,807.56,Alimentacao
farmacia,912.76,Saude
Exame,1883.4,Saude
combustivel!!!,891.79,Transporte
Seguro,438.98,Servicos
Oficina Mecanica,1360.19,Transporte
PIX,25.3,Outras
Curso Online,586.0,Educacao
Combustivel,267.08,Transporte
Gas,714.79,Moradia
FATURA CARTAO,1725.6,Servicos
Convenio,586.14,Servicos
Cartao de Credito,1895.75,Servicos
pix,1181.85,Outras
Pedagio,450.93,Transporte
Consulta Medica,1024.8,Saude
Netflix,1631.92,Lazer
ALUGUEL,1522.83,Moradia
Gasolina,933.27,Transporte
PIX,310.41,Outras
Metro,556.6,Transporte
Acougue,909.31,Alimentacao
Acougue,1712.03,Alimentacao
Seguro,1480.45,Servicos
Pizzaria,384.6,Alimentacao
Transferencia,1623.82,Outras
Cinema,503.01,Lazer
Boleto Avulso,734.16,Outras
Faculdade,1199.79,Educacao
Cinema,779.26,Lazer
Aula Particular,1209.37,Educacao
exame,627.36,Saude
Tarifa Bancaria,626.07,Servicos
Fatura Cartao,1343.53,Servicos
Pedagio!!!,1902.83,Transporte
parque,598.63,Lazer
99,1768.53,Transporte
Acougue,1198.52,Alimentacao
plano de saude,1806.29,Saude
Pagamento Diverso,482.69,Outras
PIX,475.67,Outras
Energia Eletrica,1808.91,Moradia
Energia Eletrica,886.79,Moradia
Idiomas,1932.87,Educacao
IPTU,113.84,Moradia
PIX,1693.33,Outras
ONIBUS,1031.57,Transporte
Cartao de Credito,907.74,Servicos
Streaming,754.18,Lazer
Cartao de Credito,1679.96,Servicos
SHOW,1395.18,Lazer
Psicologo!!!,519.29,Saude
Medicamento,852.28,Saude
Curso Online!!!,1589.86,Educacao
pagamento diverso,42.71,Outras
REFORMA,488.72,Moradia
Tarifa Bancaria,144.68,Servicos
Hortifruti!!!,752.87,Alimentacao
Acougue,1468.55,Alimentacao
Manutencao,98.23,Transporte
Show,1961.83,Lazer
Transferencia,920.78,Outras
CURSO ONLINE,1035.61,Educacao
pix,1725.66,Outras
Acougue,879.53,Alimentacao
Fatura Cartao,684.68,Servicos
Psicologo,1596.61,Saude
IDIOMAS,1990.25,Educacao
Medicamento,662.56,Saude
Livros,341.62,Educacao
PIX,1824.1,Outras
Assinatura Software,124.14,Servicos
Assinatura Software,328.37,Servicos
Padaria,881.96,Alimentacao
Consulta Medica,730.68,Saude
SUSHI,893.44,Alimentacao
MANUTENCAO,564.59,Transporte
Combustivel,780.1,Transporte
Onibus,437.0,Transporte
Aula Particular,254.05,Educacao
metro,1622.92,Transporte
Netflix,587.82,Lazer
idiomas,356.44,Educacao
Teatro,1586.21,Lazer
IPTU,1148.83,Moradia
Transferencia!!!,1999.19,Outras
Boleto Avulso,156.76,Outras
Cinema,695.58,Lazer
Plano de Saude,120.27,Saude
99,1421.57,Transporte
Teatro,508.7,Lazer
Curso Online,195.92,Educacao
plano de saude,681.86,Saude
supermercado,536.67,Alimentacao
IPTU,70.27,Moradia
Aula Particular,1611.33,Educacao
Assinatura Software,324.58,Servicos
Seguro,295.9,Servicos
Netflix,747.37,Lazer
Oficina Mecanica,904.7,Transporte
consulta medica,842.09,Saude
Exame,387.77,Saude
Psicologo,1759.36,Saude
PAGAMENTO DIVERSO,489.05,Outras
STREAMING,1311.98,Lazer
PIX,867.55,Outras
Aula Particular,100.03,Educacao
Sushi,584.32,Alimentacao
Convenio,1652.37,Servicos
Gasolina,1591.85,Transporte
Teatro,406.13,Lazer
CONVENIO,1609.89,Servicos
Transferencia,662.65,Outras
Show,1686.78,Lazer
Teatro,1420.39,Lazer
Faculdade,1350.87,Educacao
Convenio,1745.48,Servicos
Sushi,1567.98,Alimentacao
REFORMA,1445.15,Moradia
Tarifa Bancaria,1149.41,Servicos
ESTACIONAMENTO,1384.1,Transporte
Convenio,1746.91,Servicos
Padaria,1996.26,Alimentacao
Boleto Avulso,1825.13,Outras
Teatro,1444.64,Lazer
Material Didatico,565.22,Educacao
Curso Online,1544.64,Educacao
Reforma,704.12,Moradia
livros,1960.52,Educacao
Show,1431.14,Lazer
Parque,435.83,Lazer
Material Didatico,1235.2,Educacao
condominio,473.34,Moradia
Pedagio,1365.57,Transporte
Farmacia,324.3,Saude
Boleto Avulso,581.62,Outras
aula particular,472.12,Educacao
Padaria,1868.51,Alimentacao
Hortifruti,1500.52,Alimentacao
mensalidade escolar,1966.16,Educacao
Faculdade,992.89,Educacao
Medicamento,234.17,Saude
Psicologo,38.03,Saude
Hotel,359.23,Lazer
Seguro,377.71,Servicos
Psicologo,528.96,Saude
Agua,610.87,Moradia
Feira,133.63,Alimentacao
Metro,1010.02,Transporte
aula particular,1233.1,Educacao
Condominio,1977.79,Moradia
Spotify,1517.13,Lazer
IPTU,1747.54,Moradia
99,165.42,Transporte
Combustivel,412.29,Transporte
Plano de Saude,241.32,Saude
Reforma,1619.3,Moradia
Transferencia,124.9,Outras
PIX,1634.74,Outras
GAS,1086.92,Moradia
Restaurante,581.31,Alimentacao
Plano de Saude,1295.3,Saude
Assinatura Software,1740.54,Servicos
seguro,274.65,Servicos
cinema,1458.44,Lazer
IPTU,1350.26,Moradia
Convenio,926.64,Servicos
hospital,74.11,Saude
Convenio,41.14,Servicos
ALUGUEL,1409.54,Moradia
Ifood,476.34,Alimentacao
IPTU,585.63,Moradia
Netflix,1971.53,Lazer
Agua,1760.63,Moradia
Dentista!!!,1290.2,Saude
Convenio,306.94,Servicos
Tarifa Bancaria,1700.19,Servicos
Idiomas,1830.33,Educacao
Seguro,493.29,Servicos
Energia Eletrica,1695.8,Moradia
99,544.24,Transporte
restaurante,1122.11,Alimentacao
Transferencia,1914.47,Outras
Ifood,243.46,Alimentacao
Transferencia,799.3,Outras
Gas,937.84,Moradia
Hotel,999.58,Lazer
Metro,414.22,Transporte
spotify,42.28,Lazer
ASSINATURA SOFTWARE,1668.39,Servicos
PIX,1933.35,Outras
boleto avulso,1443.42,Outras
Transferencia,1287.2,Outras
lanche,1339.75,Alimentacao
hortifruti!!!,445.25,Alimentacao
pix,1826.38,Outras
pagamento diverso,556.73,Outras
Mensalidade Escolar,866.84,Educacao
Consulta Medica,489.53,Saude
Idiomas,167.25,Educacao
Seguro,459.46,Servicos
COMBUSTIVEL,121.67,Transporte
padaria,669.23,Alimentacao
99,1803.53,Transporte
PIX,1799.63,Outras
Padaria,1923.32,Alimentacao
Dentista,1132.28,Saude
Fatura Cartao,1513.66,Servicos
Consulta Medica,116.86,Saude
Tarifa Bancaria,1540.32,Servicos
ASSINATURA SOFTWARE,986.3,Servicos
Teatro,1362.59,Lazer
Cartao de Credito,500.44,Servicos
Uber,1569.94,Transporte
Dentista,20.34,Saude
Faculdade,273.69,Educacao
Dentista,822.01,Saude
Restaurante,655.62,Alimentacao
Cartao de Credito,178.55,Servicos
Gas,347.31,Moradia
Livros,342.74,Educacao
Faculdade,728.64,Educacao
Reforma,399.14,Moradia
Gasolina,671.11,Transporte
Assinatura Software,1648.84,Servicos
Hospital,409.69,Saude
Show,589.98,Lazer
Transferencia,1573.87,Outras
Cinema,1994.56,Lazer
medicamento,427.2,Saude
Idiomas,1593.36,Educacao
Fatura Cartao,491.62,Servicos
Dentista,963.68,Saude
Convenio,1386.5,Servicos
Acougue,1191.7,Alimentacao
Uber,716.47,Transporte
Sushi,805.24,Alimentacao
SPOTIFY,1496.24,Lazer
Agua,1362.32,Moradia
Exame,597.91,Saude
Uber,703.17,Transporte
Parque,703.12,Lazer
Metro,143.68,Transporte
RESTAURANTE,1602.1,Alimentacao
GAS,1917.34,Moradia
IPTU,1284.55,Moradia
seguro,1188.48,Servicos
Cartao de Credito,1507.13,Servicos
manutencao,658.71,Transporte
Pagamento Diverso,1060.15,Outras
Spotify,702.37,Lazer
Transferencia,601.92,Outras
Gasolina,242.73,Transporte
Show,284.36,Lazer
seguro,1294.07,Servicos
MEDICAMENTO,1685.55,Saude
Acougue,398.31,Alimentacao
Convenio,1372.55,Servicos
Fatura Cartao,174.51,Servicos
Ifood,1079.84,Alimentacao
Psicologo,995.67,Saude
manutencao,740.05,Transporte
Pizzaria,213.81,Alimentacao
Energia Eletrica!!!,1725.78,Moradia
Metro,1625.66,Transporte
IPTU,1723.49,Moradia
Tarifa Bancaria,1628.92,Servicos
Sushi,1082.15,Alimentacao
Hotel,1717.45,Lazer
Gasolina,1838.35,Transporte
Idiomas,274.05,Educacao
Exame,1355.71,Saude
Transferencia,834.31,Outras
Pagamento Diverso,195.26,Outras
Aula Particular,1901.01,Educacao
Streaming,195.35,Lazer
PIX,801.45,Outras
Tarifa Bancaria,574.35,Servicos
Psicologo,1526.89,Saude
Restaurante,42.4,Alimentacao
Psicologo,861.32,Saude
hospital,1312.63,Saude
Mensalidade Escolar,339.39,Educacao
Fatura Cartao,475.95,Servicos
UBER,460.12,Transporte
PAGAMENTO DIVERSO,1722.08,Outras
PSICOLOGO,213.83,Saude
Netflix,1549.19,Lazer
plano de saude,336.59,Saude
Viagem,829.3,Lazer
TRANSFERENCIA,1183.25,Outras
Assinatura Software,288.26,Servicos
aula particular,1219.11,Educacao
Feira,385.41,Alimentacao
Assinatura Software,1589.62,Servicos
Agua,1279.78,Moradia
99!!!,639.78,Transporte
Convenio,353.81,Servicos
PAGAMENTO DIVERSO,89.26,Outras
Hortifruti,1007.09,Alimentacao
Seguro,1235.93,Servicos
Mensalidade Escolar,414.36,Educacao
Medicamento,1528.82,Saude
Onibus,1694.47,Transporte
IFOOD,1221.58,Alimentacao
Aula Particular,247.69,Educacao
farmacia,1568.14,Saude
Curso Online,1748.19,Educacao
Combustivel,1052.47,Transporte
Aula Particular,997.33,Educacao
Streaming,741.7,Lazer
idiomas,464.52,Educacao
Supermercado!!!,734.31,Alimentacao
Plano de Saude,1110.2,Saude
Tarifa Bancaria,1443.37,Servicos
IDIOMAS,1804.86,Educacao
Academia,1908.62,Saude
Metro,628.29,Transporte
99,590.27,Transporte
Aula Particular,1187.46,Educacao
Transferencia,1593.99,Outras
Farmacia,1275.52,Saude
acougue,1457.16,Alimentacao
Estacionamento,989.14,Transporte
Padaria,1795.6,Alimentacao
Fatura Cartao,1498.32,Servicos
99,875.62,Transporte
Academia,1852.82,Saude
Fatura Cartao,910.99,Servicos
Aluguel,1542.59,Moradia
GASOLINA,250.27,Transporte
Viagem,1706.44,Lazer
Gasolina,1412.36,Transporte
Ifood,191.51,Alimentacao
Energia Eletrica!!!,1641.98,Moradia
Farmacia,1116.35,Saude
Aluguel,288.19,Moradia
Supermercado,270.12,Alimentacao
Assinatura Software,177.24,Servicos
idiomas,1295.51,Educacao
Consulta Medica,669.78,Saude
pizzaria,1451.62,Alimentacao
Pagamento Diverso,714.35,Outras
Hospital,78.95,Saude
Reforma,1105.87,Moradia
Restaurante,406.92,Alimentacao
Reforma,48.86,Moradia
Fatura Cartao,974.51,Servicos
Spotify,68.31,Lazer
Mensalidade Escolar,721.29,Educacao
condominio,1634.41,Moradia
Ifood,782.96,Alimentacao
Plano de Saude,1478.83,Saude
Streaming,1139.63,Lazer
Academia,1941.07,Saude
Curso Online!!!,445.43,Educacao
Pagamento Diverso,1614.83,Outras
Show,653.94,Lazer
Padaria,1550.99,Alimentacao
Cinema,797.24,Lazer
Oficina Mecanica,323.43,Transporte
Fatura Cartao,356.66,Servicos
Viagem,762.98,Lazer
CURSO ONLINE,1149.94,Educacao
Padaria,1935.39,Alimentacao
Reforma,289.88,Moradia
Estacionamento,1276.01,Transporte
Oficina Mecanica,506.59,Transporte
Oficina Mecanica,12.55,Transporte
Seguro,1770.26,Servicos
Boleto Avulso,1659.33,Outras
Condominio,76.49,Moradia
Acougue,690.2,Alimentacao
Tarifa Bancaria,1797.27,Servicos
Oficina Mecanica,970.65,Transporte
Hortifruti,1780.61,Alimentacao
FARMACIA,1397.42,Saude
Aula Particular,108.77,Educacao
TRANSFERENCIA,1253.93,Outras
TRANSFERENCIA,1954.34,Outras
Pagamento Diverso,983.3,Outras
Mensalidade Escolar,748.33,Educacao
ASSINATURA SOFTWARE,534.17,Servicos
material didatico,180.56,Educacao
Teatro,462.75,Lazer
Hortifruti,1075.67,Alimentacao
Transferencia,1431.47,Outras
Consulta Medica,1898.63,Saude
Academia,852.52,Saude
Tarifa Bancaria,1669.88,Servicos
Livros,143.35,Educacao
Convenio,559.64,Servicos
Pagamento Diverso,1049.9,Outras
Cartao de Credito,1179.99,Servicos
Uber,579.32,Transporte
Spotify,1148.33,Lazer
PAGAMENTO DIVERSO,1364.82,Outras
Cartao de Credito,1384.12,Servicos
Pizzaria,50.26,Alimentacao
Livros,1395.4,Educacao
estacionamento,1653.39,Transporte
Aula Particular,383.99,Educacao
IPTU,1037.84,Moradia
Streaming,629.13,Lazer
Tarifa Bancaria,1141.66,Servicos
Academia,124.68,Saude
PIZZARIA,743.02,Alimentacao
Boleto Avulso,70.82,Outras
Parque,1742.26,Lazer
netflix,1380.81,Lazer
Mensalidade Escolar,1148.79,Educacao
IPTU,421.39,Moradia
convenio,27.71,Servicos
Plano de Saude!!!,1612.12,Saude
Aula Particular,853.38,Educacao
Assinatura Software,611.27,Servicos
convenio,1688.14,Servicos
Teatro,603.97,Lazer
metro,1724.37,Transporte
Aula Particular,604.59,Educacao
Medicamento,1612.81,Saude
Fatura Cartao,60.66,Servicos
PIX,782.67,Outras
Sushi,387.93,Alimentacao
Reforma,1813.99,Moradia
Teatro,1318.65,Lazer
HOSPITAL,1618.6,Saude
Exame,454.42,Saude
Faculdade,528.51,Educacao
Faculdade,1734.12,Educacao
Metro,1736.32,Transporte
Convenio,283.36,Servicos
Energia Eletrica,1814.18,Moradia
Transferencia,1560.09,Outras
PIX,1272.65,Outras
Pizzaria,345.53,Alimentacao
Psicologo,267.52,Saude
Fatura Cartao,960.03,Servicos
Supermercado,1900.64,Alimentacao
teatro,505.16,Lazer
HOTEL,342.37,Lazer
Feira,1045.37,Alimentacao
Spotify,692.04,Lazer
PIX,1814.72,Outras
Cartao de Credito,271.1,Servicos
Sushi,1425.11,Alimentacao
Hortifruti,1074.12,Alimentacao
Sushi,1310.6,Alimentacao
Supermercado,766.7,Alimentacao
Faculdade,1374.62,Educacao
Feira,1045.42,Alimentacao
Dentista,1440.34,Saude
ONIBUS,407.5,Transporte
Idiomas,1409.84,Educacao
CURSO ONLINE,1866.92,Educacao
viagem,1672.11,Lazer
Transferencia,159.35,Outras
Onibus,1954.81,Transporte
faculdade,1705.97,Educacao
Netflix,1703.98,Lazer
Supermercado,349.32,Alimentacao
Parque,1468.81,Lazer
NETFLIX,550.95,Lazer
Fatura Cartao,1301.2,Servicos
consulta medica,1690.26,Saude
Pedagio,1142.2,Transporte
Transferencia,1226.6,Outras
Psicologo,828.46,Saude
Restaurante,1412.09,Alimentacao
Reforma,1379.6,Moradia
Pedagio,698.04,Transporte
Tarifa Bancaria,1975.71,Servicos
Supermercado,1699.2,Alimentacao
TRANSFERENCIA,1940.59,Outras
Lanche,812.52,Alimentacao
Aluguel,901.72,Moradia
Boleto Avulso,1493.03,Outras
Restaurante,1653.56,Alimentacao
Material Didatico,917.85,Educacao
Netflix,1690.19,Lazer
Teatro,1436.15,Lazer
parque,689.3,Lazer
Material Didatico,101.1,Educacao
psicologo,222.85,Saude
condominio,1650.86,Moradia
Reforma,102.54,Moradia
Metro,1013.35,Transporte
Pagamento Diverso,1679.24,Outras
Transferencia,1632.34,Outras
Pedagio,650.47,Transporte
Seguro,1527.13,Servicos
Faculdade,911.16,Educacao
Plano de Saude,1499.37,Saude
Idiomas,1426.63,Educacao
Condominio,1376.36,Moradia
Plano de Saude,651.54,Saude
Oficina Mecanica,1885.92,Transporte
Fatura Cartao,579.0,Servicos
Cartao de Credito!!!,1343.81,Servicos
Energia Eletrica,580.36,Moradia
Curso Online,597.33,Educacao
Acougue,1737.39,Alimentacao
Reforma,1026.74,Moradia
Aula Particular,781.23,Educacao
teatro,1739.01,Lazer
Transferencia,1298.79,Outras
IPTU,903.14,Moradia
Gasolina,247.51,Transporte
Hortifruti,330.25,Alimentacao
Mensalidade Escolar,318.06,Educacao
Exame,1254.48,Saude
Faculdade,155.03,Educacao
Teatro,145.67,Lazer
Dentista,705.31,Saude
Reforma,444.71,Moradia
PAGAMENTO DIVERSO,1288.11,Outras
Aluguel,1832.71,Moradia
Pedagio,59.16,Transporte
Teatro,97.26,Lazer
Energia Eletrica,343.12,Moradia
Restaurante,434.22,Alimentacao
Cartao de Credito,1758.49,Servicos
Fatura Cartao,57.27,Servicos
STREAMING,1120.59,Lazer
Energia Eletrica,814.85,Moradia
Streaming,21.74,Lazer
manutencao,1010.65,Transporte
Idiomas,570.22,Educacao
Boleto Avulso,953.24,Outras
Condominio,1700.44,Moradia
aula particular,1592.08,Educacao
Streaming,255.24,Lazer
Sushi,1894.49,Alimentacao
Curso Online,694.26,Educacao
Fatura Cartao,376.15,Servicos
curso online,118.23,Educacao
Pagamento Diverso!!!,1453.92,Outras
PIX,476.72,Outras
MATERIAL DIDATICO,663.41,Educacao
Aula Particular,735.34,Educacao
SPOTIFY,1427.28,Lazer
Assinatura Software,1468.62,Servicos
Boleto Avulso,979.07,Outras
Gasolina!!!,1654.62,Transporte
Energia Eletrica,1457.58,Moradia
Lanche,1162.01,Alimentacao
Aluguel,1997.47,Moradia
Transferencia,1546.57,Outras
Curso Online,799.6,Educacao
Ifood,1231.93,Alimentacao
MEDICAMENTO,1135.97,Saude
Psicologo,471.18,Saude
Livros,1040.59,Educacao
Spotify,102.41,Lazer
Cinema,1661.0,Lazer
Material Didatico,1310.81,Educacao
Cinema,1815.41,Lazer
Assinatura Software,1587.39,Servicos
Lanche,467.68,Alimentacao
CURSO ONLINE,1635.74,Educacao
Agua,968.22,Moradia
Boleto Avulso,1668.4,Outras
ifood,1262.79,Alimentacao
SUSHI,1038.11,Alimentacao
Convenio,1758.23,Servicos
Mensalidade Escolar,948.11,Educacao
Transferencia,294.0,Outras
Medicamento,691.92,Saude
Pagamento Diverso,226.05,Outras
Gas,845.39,Moradia
consulta medica,1756.73,Saude
Uber,1210.91,Transporte
Hortifruti,96.44,Alimentacao
Tarifa Bancaria,1539.66,Servicos
Cinema,1534.06,Lazer
Onibus,523.03,Transporte
Supermercado,24.32,Alimentacao
Reforma,222.1,Moradia
Fatura Cartao,1076.85,Servicos
Hotel,415.35,Lazer
Transferencia,515.02,Outras
Material Didatico,1474.21,Educacao
Estacionamento,331.97,Transporte
Gas,1105.65,Moradia
Padaria,1610.7,Alimentacao
Psicologo,137.52,Saude
ENERGIA ELETRICA,1969.05,Moradia
Aula Particular,358.79,Educacao
boleto avulso,1041.13,Outras
Aluguel,1399.91,Moradia
Farmacia,1951.54,Saude
Onibus,796.33,Transporte
gas,1103.69,Moradia
Netflix,1216.66,Lazer
Agua,529.6,Moradia
CONVENIO,1894.56,Servicos
Material Didatico,1391.44,Educacao
Convenio,685.92,Servicos
Boleto Avulso,969.12,Outras
Mensalidade Escolar,448.56,Educacao
IPTU,1037.84,Moradia
Feira,1643.94,Alimentacao
99,713.54,Transporte
Curso Online,1820.76,Educacao
Transferencia,538.16,Outras
Condominio,718.49,Moradia
Uber,1330.21,Transporte
Lanche,748.68,Alimentacao
Parque,1153.29,Lazer
faculdade,801.78,Educacao
Farmacia,1879.91,Saude
Lanche,1554.05,Alimentacao
Pagamento Diverso,1381.53,Outras
Ifood,729.59,Alimentacao
Curso Online,947.98,Educacao
NETFLIX,1506.87,Lazer
Spotify,270.97,Lazer
IPTU,870.12,Moradia
tarifa bancaria,1613.28,Servicos
Dentista,1700.29,Saude
Parque,1139.99,Lazer
Cartao de Credito,958.31,Servicos
Metro,727.01,Transporte
LIVROS,1926.6,Educacao
Gas,357.33,Moradia
Livros,1551.74,Educacao
Pagamento Diverso,1267.11,Outras
Plano de Saude,849.41,Saude
CARTAO DE CREDITO,1309.5,Servicos
Material Didatico,895.35,Educacao
Teatro,375.93,Lazer
Padaria,1881.47,Alimentacao
ESTACIONAMENTO,1101.38,Transporte
Hortifruti,216.82,Alimentacao
Consulta Medica,625.65,Saude
Reforma,271.24,Moradia
FARMACIA,1729.84,Saude
PIX,1897.49,Outras
Psicologo,1132.33,Saude
Livros,188.21,Educacao
Livros,31.01,Educacao
Exame,1378.66,Saude
Boleto Avulso,1597.95,Outras
IPTU,1125.5,Moradia
tarifa bancaria,762.93,Servicos
Mensalidade Escolar,1531.43,Educacao
Livros,544.96,Educacao
IPTU,916.13,Moradia
PIX,648.08,Outras
Farmacia,571.41,Saude
Psicologo,309.86,Saude
Transferencia,1600.93,Outras
Parque!!!,1503.63,Lazer
Farmacia,1090.95,Saude
Academia,769.34,Saude
Restaurante,775.75,Alimentacao
Transferencia!!!,1544.28,Outras
Agua,1873.07,Moradia
Farmacia,253.06,Saude
pix,443.4,Outras
Estacionamento,343.05,Transporte
material didatico!!!,1569.12,Educacao
Transferencia!!!,191.89,Outras
streaming,1585.02,Lazer
Psicologo,1579.24,Saude
Parque!!!,1451.55,Lazer
Mensalidade Escolar,596.48,Educacao
Transferencia,654.12,Outras
PIX,1722.52,Outras
Consulta Medica,1640.64,Saude
parque,379.21,Lazer
Sushi,485.19,Alimentacao
99,1369.62,Transporte
Hospital,229.82,Saude
Combustivel,1748.25,Transporte
Aluguel,1674.24,Moradia
PIX,36.04,Outras
Reforma,169.11,Moradia
Acougue,837.75,Alimentacao
Streaming,90.9,Lazer
ONIBUS,211.44,Transporte
Gas,1317.18,Moradia
Medicamento,219.97,Saude
Parque,217.16,Lazer
Medicamento,324.77,Saude
PIX,1993.73,Outras
Spotify,1454.48,Lazer
Gas,1104.98,Moradia
Livros,800.21,Educacao
Feira,1986.89,Alimentacao
Mensalidade Escolar,1712.88,Educacao
Feira,1145.63,Alimentacao
CONSULTA MEDICA,740.49,Saude
Condominio,1145.27,Moradia
REFORMA,981.67,Moradia
Manutencao,769.28,Transporte
Acougue,838.88,Alimentacao
Estacionamento,1858.02,Transporte
Cartao de Credito,307.66,Servicos
condominio,896.78,Moradia
Estacionamento,304.54,Transporte
Cinema,1100.82,Lazer
Mensalidade Escolar,1398.76,Educacao
Psicologo,1307.97,Saude
Gas,500.03,Moradia
Onibus,1849.03,Transporte
Uber,703.13,Transporte
Netflix!!!,1975.43,Lazer
Transferencia,474.64,Outras
Show,233.62,Lazer
Ifood,1738.82,Alimentacao
Mensalidade Escolar,617.18,Educacao
Pagamento Diverso,431.63,Outras
Material Didatico,291.28,Educacao
Hortifruti,96.53,Alimentacao
Farmacia,1239.75,Saude
Pizzaria!!!,549.91,Alimentacao
cinema,470.03,Lazer
Convenio!!!,1734.88,Servicos
gasolina,1427.81,Transporte
Ifood,984.97,Alimentacao
Farmacia,1254.21,Saude
Gas!!!,780.47,Moradia
Lanche,690.15,Alimentacao
fatura cartao,1359.21,Servicos
Agua,1941.37,Moradia
Parque,285.77,Lazer
iptu,1820.03,Moradia
Tarifa Bancaria,324.52,Servicos
99,376.43,Transporte
Farmacia,833.94,Saude
Assinatura Software,1789.32,Servicos
Curso Online,377.65,Educacao
Material Didatico,472.04,Educacao
acougue,1693.82,Alimentacao
PIX,335.93,Outras
Aluguel,1851.62,Moradia
Tarifa Bancaria,1517.98,Servicos
Gasolina,1735.59,Transporte
PIX,860.84,Outras
Sushi,632.67,Alimentacao
LANCHE,1756.78,Alimentacao
Gas,88.11,Moradia
Convenio,387.8,Servicos
Boleto Avulso,578.97,Outras
Dentista,1383.01,Saude
Psicologo,1448.07,Saude
Gasolina,1395.27,Transporte
Dentista,365.97,Saude
AGUA,1425.82,Moradia
consulta medica,179.76,Saude
Fatura Cartao,1900.01,Servicos
Convenio,1825.38,Servicos
Plano de Saude,1426.97,Saude
Assinatura Software,898.05,Servicos
Consulta Medica,17.03,Saude
Mensalidade Escolar,1091.57,Educacao
Sushi,1181.84,Alimentacao
Boleto Avulso,496.98,Outras
Material Didatico,423.2,Educacao
PLANO DE SAUDE,74.54,Saude
Livros!!!,364.71,Educacao
Material Didatico,1148.84,Educacao
Psicologo,81.32,Saude
Livros,144.66,Educacao
CONVENIO,1720.22,Servicos
Teatro,426.01,Lazer
Restaurante,1062.6,Alimentacao
Metro,1578.49,Transporte
Faculdade,1055.53,Educacao
Show,1461.08,Lazer
Boleto Avulso,473.12,Outras
CURSO ONLINE,244.67,Educacao
IPTU,100.53,Moradia
Teatro,1284.83,Lazer
Livros,1018.31,Educacao
STREAMING,1142.15,Lazer
padaria,963.43,Alimentacao
Pagamento Diverso,1258.13,Outras
Parque,1487.74,Lazer
Material Didatico,1076.41,Educacao
Gas,1777.18,Moradia
Cinema,72.03,Lazer
Fatura Cartao,1215.32,Servicos
Consulta Medica,1413.48,Saude
Streaming,749.45,Lazer
Curso Online,754.69,Educacao
Ifood,59.62,Alimentacao
transferencia,1052.02,Outras
Show,1037.13,Lazer
Academia,1430.22,Saude
Combustivel,1745.03,Transporte
Parque,1534.7,Lazer
Mensalidade Escolar,1785.35,Educacao
VIAGEM,887.82,Lazer
ONIBUS,1032.98,Transporte
Gas,291.7,Moradia
Material Didatico,684.09,Educacao
PAGAMENTO DIVERSO,220.79,Outras
Restaurante,1196.28,Alimentacao
PIX,1428.67,Outras
Metro,1400.21,Transporte
Metro,1535.32,Transporte
Transferencia,1792.44,Outras
Livros,1333.71,Educacao
Parque!!!,962.52,Lazer
Hospital,263.51,Saude
Pedagio,658.48,Transporte
Onibus,832.75,Transporte
GAS!!!,1391.18,Moradia
Seguro,1391.32,Servicos
Consulta Medica,1675.13,Saude
Manutencao,204.33,Transporte
Transferencia,1200.54,Outras
Assinatura Software,190.16,Servicos
Farmacia,911.42,Saude
Faculdade,419.27,Educacao
Hotel,616.05,Lazer
Fatura Cartao,187.68,Servicos
Sushi,263.84,Alimentacao
Mensalidade Escolar,115.72,Educacao
Cinema,478.13,Lazer
Fatura Cartao,769.31,Servicos
REFORMA,1688.22,Moradia
spotify,277.21,Lazer
combustivel,1950.2,Transporte
consulta medica,1788.23,Saude
convenio,905.59,Servicos
viagem,1695.14,Lazer
Reforma,1096.87,Moradia
Streaming,1412.72,Lazer
Manutencao,292.75,Transporte
Faculdade,1224.04,Educacao
Agua,1340.75,Moradia
MATERIAL DIDATICO,943.05,Educacao
PIX,1598.46,Outras
curso online,1456.67,Educacao
Mensalidade Escolar,1149.99,Educacao
Idiomas!!!,262.37,Educacao
Onibus,557.68,Transporte
Mensalidade Escolar,1821.16,Educacao
Psicologo,1567.23,Saude
agua,1935.02,Moradia
Psicologo,772.5,Saude
Transferencia,696.7,Outras
Idiomas!!!,957.7,Educacao
Transferencia,954.43,Outras
Medicamento,903.15,Saude
Teatro,1278.47,Lazer
Convenio,676.59,Servicos
idiomas,1548.57,Educacao
Reforma,1044.71,Moradia
Exame,1665.06,Saude
HORTIFRUTI,446.64,Alimentacao
LIVROS,1316.64,Educacao
Gas,248.75,Moradia
Dentista,1136.48,Saude
Consulta Medica,939.24,Saude
Metro,859.7,Transporte
HOTEL,771.77,Lazer
Streaming,364.08,Lazer
Metro,791.34,Transporte
pagamento diverso,1290.24,Outras
PIX,508.69,Outras
Pagamento Diverso,1284.27,Outras
Hortifruti,1810.19,Alimentacao
Lanche,961.5,Alimentacao
Fatura Cartao,1084.86,Servicos
Hortifruti,969.31,Alimentacao
Netflix,1268.22,Lazer
Oficina Mecanica,170.11,Transporte
PIX,88.27,Outras
fatura cartao,1264.93,Servicos
parque,288.49,Lazer
Aluguel,983.57,Moradia
99,1930.26,Transporte
PAGAMENTO DIVERSO,95.2,Outras
Estacionamento,922.16,Transporte
Academia!!!,1311.12,Saude
Pagamento Diverso,38.59,Outras
Feira,1672.35,Alimentacao
uber,135.59,Transporte
Agua,1478.48,Moradia
assinatura software,649.96,Servicos
IPTU!!!,1517.52,Moradia
Exame,1852.09,Saude
padaria,1557.55,Alimentacao
PIZZARIA,1416.42,Alimentacao
Faculdade,957.26,Educacao
ACADEMIA,486.11,Saude
Farmacia,1227.98,Saude
Onibus!!!,243.84,Transporte
Manutencao,1084.05,Transporte
Agua,560.09,Moradia
Aluguel,1937.46,Moradia
boleto avulso,577.28,Outras
Assinatura Software,1519.23,Servicos
Restaurante,360.02,Alimentacao
Pizzaria!!!,895.19,Alimentacao
spotify,1560.16,Lazer
viagem,757.31,Lazer
Aluguel,1782.07,Moradia
Academia,780.79,Saude
Psicologo,1951.36,Saude
energia eletrica!!!,1704.79,Moradia
BOLETO AVULSO,1211.24,Outras
Medicamento,983.53,Saude
Gas,38.86,Moradia
Fatura Cartao,874.15,Servicos
Gas,1797.52,Moradia
CARTAO DE CREDITO,76.9,Servicos
Seguro,205.02,Servicos
transferencia,819.17,Outras
Condominio,1997.91,Moradia
Pizzaria,923.97,Alimentacao
Pizzaria,1409.24,Alimentacao
Exame,12.71,Saude
Pedagio,75.1,Transporte
Assinatura Software,1154.71,Servicos
IPTU,678.03,Moradia
Lanche,1777.08,Alimentacao
Pedagio,737.49,Transporte
Medicamento,1549.42,Saude
Exame,962.2,Saude
IPTU,711.9,Moradia
Material Didatico,136.1,Educacao
Parque,254.19,Lazer
Faculdade,1891.28,Educacao
Estacionamento,169.54,Transporte
Hospital!!!,232.93,Saude
PSICOLOGO,55.15,Saude
Fatura Cartao,699.93,Servicos
Pagamento Diverso,472.33,Outras
Spotify,1575.78,Lazer
Boleto Avulso,1797.58,Outras
Curso Online,750.09,Educacao
Idiomas,575.92,Educacao
Plano de Saude,1946.68,Saude
Plano de Saude!!!,261.68,Saude
livros!!!,694.26,Educacao
Parque,610.1,Lazer
Hortifruti,1896.1,Alimentacao
show,669.25,Lazer
Faculdade,1510.78,Educacao
Psicologo,963.17,Saude
Padaria,59.34,Alimentacao
Agua,1220.22,Moradia
Gas,1536.52,Moradia
aluguel,1915.67,Moradia
Tarifa Bancaria,1028.0,Servicos
Acougue,861.0,Alimentacao
ASSINATURA SOFTWARE,896.7,Servicos
Estacionamento,1985.27,Transporte
pix,1459.92,Outras
Tarifa Bancaria,295.84,Servicos
Faculdade,677.48,Educacao
cartao de credito,358.04,Servicos
transferencia,986.27,Outras
Idiomas,1482.31,Educacao
Aluguel,607.34,Moradia
Pagamento Diverso,840.14,Outras
transferencia,1941.54,Outras
Parque,1259.71,Lazer
Pagamento Diverso,44.91,Outras
Curso Online,927.48,Educacao
EXAME,1825.09,Saude
Streaming,1873.27,Lazer
IPTU,1201.54,Moradia
Medicamento,1691.54,Saude
Livros,200.71,Educacao
show,974.95,Lazer
SHOW,384.95,Lazer
Pedagio,1847.59,Transporte
PIX,1635.91,Outras
Show,452.49,Lazer
Academia,1962.41,Saude
Fatura Cartao,47.42,Servicos
BOLETO AVULSO,1031.82,Outras
PIZZARIA,1511.56,Alimentacao
Manutencao,377.72,Transporte
streaming,1898.1,Lazer
netflix,491.23,Lazer
Uber,1062.39,Transporte
energia eletrica,1849.22,Moradia
PIX,1350.32,Outras
Gasolina,853.94,Transporte
agua,229.53,Moradia
Psicologo,1118.69,Saude
Restaurante,574.39,Alimentacao
Aula Particular,1112.29,Educacao
Idiomas,1790.56,Educacao
pix,219.29,Outras
PAGAMENTO DIVERSO,1955.37,Outras
Consulta Medica,408.52,Saude
Cartao de Credito,1003.23,Servicos
Idiomas,806.47,Educacao
Boleto Avulso,303.27,Outras
PAGAMENTO DIVERSO,1885.38,Outras
Restaurante,1001.29,Alimentacao
Padaria,313.95,Alimentacao
Uber,989.45,Transporte
Transferencia,1014.54,Outras
Teatro,72.88,Lazer
Cartao de Credito,758.91,Servicos
pagamento diverso,613.06,Outras
Psicologo,784.27,Saude
Manutencao,1373.89,Transporte
Boleto Avulso,120.92,Outras
Faculdade,1356.21,Educacao
livros,739.16,Educacao
Acougue,1983.97,Alimentacao
ASSINATURA SOFTWARE,631.08,Servicos
Uber,347.86,Transporte
Streaming,1140.42,Lazer
ASSINATURA SOFTWARE!!!,1145.0,Servicos
Cinema,1353.47,Lazer
Parque,685.68,Lazer
Livros,1274.53,Educacao
99,601.67,Transporte
Tarifa Bancaria,1438.24,Servicos
Manutencao,955.78,Transporte
Energia Eletrica,610.68,Moradia
Faculdade,834.49,Educacao
Material Didatico,1099.65,Educacao
Lanche,433.78,Alimentacao
PIX,1232.7,Outras
Convenio!!!,930.35,Servicos
Condominio,1689.8,Moradia
Assinatura Software,1271.52,Servicos
Assinatura Software,520.33,Servicos
Agua,65.13,Moradia
Faculdade,849.82,Educacao
IFOOD,1609.04,Alimentacao
Farmacia,49.62,Saude
Oficina Mecanica,1802.14,Transporte
Assinatura Software,799.82,Servicos
academia,1048.7,Saude
Faculdade,253.33,Educacao
Netflix,1613.62,Lazer
Agua,436.08,Moradia
Faculdade,121.29,Educacao
Cinema,1368.65,Lazer
Idiomas,1434.19,Educacao
Mensalidade Escolar,79.27,Educacao
Ifood,1281.51,Alimentacao
Cinema,890.38,Lazer
Hortifruti,608.77,Alimentacao
Energia Eletrica,1832.62,Moradia
Spotify,169.39,Lazer
Boleto Avulso,672.12,Outras
Cartao de Credito,1017.61,Servicos
Spotify,1478.19,Lazer
Pagamento Diverso,375.64,Outras
TRANSFERENCIA,1155.86,Outras
Gasolina,1537.54,Transporte
Dentista,961.95,Saude
hospital,570.78,Saude
Pedagio,760.87,Transporte
Aluguel,1297.74,Moradia
Aluguel,1405.51,Moradia
Farmacia,527.71,Saude
oficina mecanica,1548.99,Transporte
boleto avulso,1725.25,Outras
Livros,868.3,Educacao
Gas,1456.15,Moradia
agua,478.62,Moradia
Transferencia,921.75,Outras
PIZZARIA,1376.84,Alimentacao
Fatura Cartao,155.38,Servicos
Supermercado,1817.37,Alimentacao
Supermercado,611.99,Alimentacao
Fatura Cartao,1123.53,Servicos
HOSPITAL,941.49,Saude
Oficina Mecanica,528.21,Transporte
Streaming,1947.01,Lazer
Aula Particular,1806.56,Educacao
Material Didatico,1038.78,Educacao
Tarifa Bancaria,1529.71,Servicos
Medicamento,1598.46,Saude
IFOOD!!!,1414.87,Alimentacao
Cartao de Credito,91.18,Servicos
Teatro,1693.22,Lazer
Consulta Medica,575.39,Saude
Medicamento,1329.64,Saude
Gas,369.33,Moradia
Estacionamento,1775.86,Transporte
Feira,794.4,Alimentacao
OFICINA MECANICA,1322.48,Transporte
PIX,1315.78,Outras
PIX,1814.69,Outras
Academia,573.08,Saude
Restaurante,194.18,Alimentacao
Curso Online,803.85,Educacao
ifood,1507.59,Alimentacao
Consulta Medica,1474.42,Saude
Aula Particular,201.26,Educacao
TEATRO,544.27,Lazer
Cartao de Credito,1231.6,Servicos
Fatura Cartao!!!,932.41,Servicos
Reforma,995.69,Moradia
Onibus,607.78,Transporte
Hospital,598.01,Saude
LANCHE,855.58,Alimentacao
Metro,514.23,Transporte
material didatico,1326.54,Educacao
Plano de Saude!!!,1411.71,Saude
Parque,1617.59,Lazer
Show,526.04,Lazer
Pedagio!!!,351.75,Transporte
Boleto Avulso,1931.95,Outras
PIX,727.85,Outras
ASSINATURA SOFTWARE,1633.78,Servicos
IPTU,491.14,Moradia
Aluguel,953.24,Moradia
RESTAURANTE,1928.1,Alimentacao
Pagamento Diverso,410.66,Outras
Cartao de Credito,1696.78,Servicos
Seguro,1195.72,Servicos
Mensalidade Escolar,1186.17,Educacao
Transferencia,849.79,Outras
teatro,951.94,Lazer
PIX,331.05,Outras
Agua,447.21,Moradia
PARQUE,1920.01,Lazer
Parque,1247.47,Lazer
Aula Particular,266.9,Educacao
Condominio,837.81,Moradia
PIX,1998.53,Outras
Hotel,1657.62,Lazer
Restaurante,461.11,Alimentacao
Agua,716.93,Moradia
Lanche,1383.37,Alimentacao
Combustivel,919.7,Transporte
Uber,1718.19,Transporte
99,1743.03,Transporte
Show,1526.31,Lazer
PAGAMENTO DIVERSO,254.74,Outras
Agua,23.11,Moradia
PIX,539.37,Outras
Assinatura Software,1508.88,Servicos
TARIFA BANCARIA,1797.15,Servicos
Streaming,1438.08,Lazer
Uber,1547.02,Transporte
Cartao de Credito,310.39,Servicos
Lanche,1772.71,Alimentacao
Aula Particular,25.73,Educacao
Material Didatico,813.84,Educacao
Gas,889.87,Moradia
Spotify,177.72,Lazer
Spotify,260.75,Lazer
curso online,1516.52,Educacao
farmacia,490.27,Saude
Aula Particular,1466.65,Educacao
Hotel,104.99,Lazer
Metro,911.76,Transporte
IPTU,1432.15,Moradia
Energia Eletrica,1632.01,Moradia
Dentista,662.42,Saude
IPTU,301.64,Moradia
SEGURO,957.74,Servicos
Pagamento Diverso,1180.6,Outras
Assinatura Software,1993.06,Servicos
Boleto Avulso,262.98,Outras
Transferencia,1062.99,Outras
Agua,1888.7,Moradia
Cinema,250.52,Lazer
Mensalidade Escolar,616.8,Educacao
Hotel!!!,1569.75,Lazer
Cartao de Credito,574.13,Servicos
psicologo!!!,967.54,Saude
Material Didatico,760.84,Educacao
Plano de Saude,905.36,Saude
Transferencia,1601.63,Outras
Seguro,1086.58,Servicos
PIX,1417.35,Outras
Material Didatico,179.45,Educacao
Sushi,1010.25,Alimentacao
Restaurante,1925.13,Alimentacao
Idiomas,1679.45,Educacao
Pagamento Diverso,809.58,Outras
Pizzaria!!!,835.72,Alimentacao
Spotify,207.67,Lazer
HOSPITAL!!!,820.48,Saude
Farmacia,64.07,Saude
Feira,831.52,Alimentacao
Hotel,250.72,Lazer
Condominio,991.03,Moradia
Cartao de Credito,1110.71,Servicos
metro,47.06,Transporte
Estacionamento,259.89,Transporte
seguro,1936.14,Servicos
Teatro,1079.7,Lazer
Convenio!!!,1660.45,Servicos
Aula Particular,969.55,Educacao
Idiomas,1686.45,Educacao
Gas,331.22,Moradia
onibus,1452.9,Transporte
Faculdade,1606.09,Educacao
Hotel,553.3,Lazer
Netflix,663.63,Lazer
Farmacia!!!,355.34,Saude
Boleto Avulso,1301.7,Outras
99,1347.77,Transporte
Spotify,362.6,Lazer
Restaurante,894.71,Alimentacao
REFORMA,722.06,Moradia
Manutencao,450.08,Transporte
PIX,1215.99,Outras
Ifood,230.78,Alimentacao
Material Didatico,395.6,Educacao
Consulta Medica,263.59,Saude
Gas,1696.86,Moradia
Lanche,1767.37,Alimentacao
Hortifruti,113.21,Alimentacao
Spotify,252.22,Lazer
Boleto Avulso,1768.77,Outras
Aluguel,903.23,Moradia
HORTIFRUTI,60.49,Alimentacao
Reforma!!!,337.32,Moradia
Mensalidade Escolar!!!,1618.04,Educacao
Hotel,1918.02,Lazer
Acougue,155.09,Alimentacao
Pagamento Diverso,180.21,Outras
Supermercado,1389.79,Alimentacao
Farmacia,609.93,Saude
CARTAO DE CREDITO,809.35,Servicos
Tarifa Bancaria,1251.78,Servicos
Boleto Avulso,1244.22,Outras
Oficina Mecanica,61.68,Transporte
VIAGEM,1189.84,Lazer
gas,967.98,Moradia
Transferencia,130.38,Outras
Material Didatico,1511.2,Educacao
Material Didatico,303.34,Educacao
Material Didatico,26.08,Educacao
Farmacia,1123.31,Saude
Hortifruti,1284.7,Alimentacao
IPTU,1386.76,Moradia
PIX,677.96,Outras
Faculdade,1753.45,Educacao
Pizzaria!!!,468.25,Alimentacao
Condominio,1631.16,Moradia
Tarifa Bancaria,23.38,Servicos
Restaurante,293.38,Alimentacao
Transferencia,726.22,Outras
IFOOD,1440.48,Alimentacao
Teatro,360.39,Lazer
mensalidade escolar,1576.95,Educacao
Oficina Mecanica,487.9,Transporte
Show,1995.41,Lazer
FATURA CARTAO,1591.85,Servicos
Gas,1203.1,Moradia
Aluguel,1710.33,Moradia
IDIOMAS,567.35,Educacao
Medicamento,426.38,Saude
Metro,343.19,Transporte
Fatura Cartao,1042.6,Servicos
Exame,971.76,Saude
Boleto Avulso,1843.16,Outras
Ifood,1727.7,Alimentacao
Tarifa Bancaria,1147.03,Servicos
Hotel,177.22,Lazer
PIX,679.38,Outras
Boleto Avulso,1000.11,Outras
FACULDADE,161.02,Educacao
Onibus,1290.87,Transporte
CURSO ONLINE!!!,401.33,Educacao
Hotel,1370.24,Lazer
Curso Online,1996.83,Educacao
Mensalidade Escolar,699.8,Educacao
Seguro,33.66,Servicos
Dentista,427.65,Saude
Gas,942.79,Moradia
PIX,383.81,Outras
Tarifa Bancaria,69.91,Servicos
Plano de Saude,1004.6,Saude
Netflix,1507.73,Lazer
Livros,74.1,Educacao
Plano de Saude,1140.7,Saude
Seguro,1073.64,Servicos
agua,1790.54,Moradia
gasolina,982.34,Transporte
academia,473.75,Saude
metro,1720.82,Transporte
SEGURO,961.72,Servicos
Pedagio,268.57,Transporte
Energia Eletrica,954.81,Moradia
Material Didatico,923.32,Educacao
Aluguel,1650.92,Moradia
Gas,987.01,Moradia
Pagamento Diverso,1763.18,Outras
PIX,601.92,Outras
Dentista,1469.16,Saude
Boleto Avulso,1141.54,Outras
Fatura Cartao,1742.37,Servicos
Aula Particular,142.82,Educacao
Agua,251.25,Moradia
Cinema,1561.23,Lazer
SEGURO!!!,1281.34,Servicos
Boleto Avulso,396.86,Outras
Supermercado,281.6,Alimentacao
Boleto Avulso,1430.03,Outras
Transferencia,331.12,Outras
SUSHI,787.79,Alimentacao
Combustivel,722.59,Transporte
reforma,1396.52,Moradia
Pedagio,1200.43,Transporte
Hortifruti,755.54,Alimentacao
CONDOMINIO,680.86,Moradia
Reforma,1765.75,Moradia
plano de saude,652.13,Saude
Gas,1878.46,Moradia
Estacionamento,355.51,Transporte
Fatura Cartao,922.96,Servicos
Onibus,143.99,Transporte
Agua,1966.37,Moradia
99,1142.72,Transporte
Mensalidade Escolar,1395.67,Educacao
exame,1956.26,Saude
Pagamento Diverso,1174.22,Outras
Convenio,1179.06,Servicos
ifood,480.43,Alimentacao
Tarifa Bancaria!!!,600.26,Servicos
Dentista,1200.17,Saude
PIX,88.82,Outras
Fatura Cartao,465.73,Servicos
Netflix,1814.2,Lazer
IPTU,1220.05,Moradia
Convenio,22.02,Servicos
Pagamento Diverso,1877.17,Outras
consulta medica,416.7,Saude
Pedagio,1446.13,Transporte
AGUA,902.06,Moradia
Energia Eletrica,1902.52,Moradia
Spotify,851.17,Lazer
Tarifa Bancaria,49.42,Servicos
Seguro,1843.85,Servicos
Medicamento,932.67,Saude
PIX,153.16,Outras
psicologo,1463.43,Saude
Parque,795.35,Lazer
Spotify,1180.73,Lazer
Cartao de Credito,1864.94,Servicos
Academia,1544.83,Saude
Teatro,742.68,Lazer
Hortifruti,492.28,Alimentacao
Acougue,1397.97,Alimentacao
Hospital,303.26,Saude
Gas,331.24,Moradia
Uber,801.36,Transporte
99,339.99,Transporte
Assinatura Software,1071.07,Servicos
Convenio,1754.04,Servicos
Uber,695.34,Transporte
Hospital,801.96,Saude
Mensalidade Escolar,13.14,Educacao
Pedagio,1468.75,Transporte
Plano de Saude,404.06,Saude
Medicamento,1630.6,Saude
ACADEMIA,526.11,Saude
Seguro,1738.04,Servicos
Consulta Medica,560.76,Saude
Streaming,1348.88,Lazer
combustivel,1975.36,Transporte
Estacionamento,1973.92,Transporte
Faculdade,864.61,Educacao
Netflix,1882.57,Lazer
Seguro,1747.42,Servicos
Combustivel,1453.19,Transporte
Farmacia,566.14,Saude
Energia Eletrica,1741.01,Moradia
fatura cartao,1627.11,Servicos
Acougue,1474.27,Alimentacao
Transferencia,1229.06,Outras
Oficina Mecanica,1862.38,Transporte
Pedagio,294.89,Transporte
Padaria,1992.65,Alimentacao
Transferencia,969.52,Outras
Condominio,1322.89,Moradia
Uber,328.87,Transporte
Spotify,522.68,Lazer
Pagamento Diverso,1270.76,Outras
Pagamento Diverso,455.37,Outras
Oficina Mecanica,1474.64,Transporte
Fatura Cartao,1713.72,Servicos
Condominio,231.65,Moradia
Viagem,741.8,Lazer
Spotify!!!,1075.85,Lazer
Seguro,1361.81,Servicos
Medicamento,222.11,Saude
Lanche,1634.13,Alimentacao
Idiomas,303.38,Educacao
Curso Online,1657.23,Educacao
Sushi,1380.31,Alimentacao
Idiomas,1659.09,Educacao
PIX,1962.47,Outras
Show,1467.99,Lazer
Reforma,1554.32,Moradia
Boleto Avulso,1825.63,Outras
Farmacia,1359.02,Saude
Spotify,573.25,Lazer
Reforma,270.49,Moradia
Feira,283.75,Alimentacao
PIX,1610.67,Outras
Reforma,1713.72,Moradia
Gasolina,1362.1,Transporte
farmacia,114.42,Saude
Spotify,813.95,Lazer
Restaurante,1379.09,Alimentacao
Dentista,1344.76,Saude
Metro,557.68,Transporte
PIX,1286.4,Outras
Aluguel,964.2,Moradia
MANUTENCAO,872.98,Transporte
Consulta Medica,1725.8,Saude
Dentista,1077.47,Saude
Pagamento Diverso,1430.36,Outras
Estacionamento,369.52,Transporte
Farmacia,254.86,Saude
Academia!!!,1508.61,Saude
Uber,1093.41,Transporte
FATURA CARTAO,1043.69,Servicos
Aula Particular,985.98,Educacao
Teatro,1216.28,Lazer
reforma,384.27,Moradia
Idiomas,1208.27,Educacao
Gas,1248.4,Moradia
99,1808.28,Transporte
SEGURO,1392.09,Servicos
Aluguel,1269.91,Moradia
Reforma,1642.81,Moradia
Dentista,1577.69,Saude
Cartao de Credito,547.55,Servicos
99,187.06,Transporte
hotel,204.91,Lazer
Agua,255.77,Moradia
Material Didatico,1062.63,Educacao
Material Didatico!!!,642.81,Educacao
Tarifa Bancaria,1936.32,Servicos
Seguro,1376.45,Servicos
plano de saude,1837.7,Saude
Viagem,921.0,Lazer
PIX,558.89,Outras
Convenio,1629.91,Servicos
Aula Particular,818.96,Educacao
Cinema!!!,196.33,Lazer
Restaurante,990.77,Alimentacao
Hortifruti,281.49,Alimentacao
Pagamento Diverso,1822.66,Outras
Hortifruti,496.01,Alimentacao
Sushi,1861.07,Alimentacao
condominio,1905.44,Moradia
Seguro,235.33,Servicos
IPTU,244.55,Moradia
Faculdade,1478.67,Educacao
Tarifa Bancaria,1918.68,Servicos
Pizzaria,124.42,Alimentacao
Sushi,223.26,Alimentacao
Show!!!,403.11,Lazer
DENTISTA,1316.7,Saude
Agua,862.4,Moradia
Medicamento,882.76,Saude
transferencia,1421.35,Outras
Estacionamento,847.9,Transporte
STREAMING,1333.83,Lazer
Mensalidade Escolar,1601.64,Educacao
Exame,805.75,Saude
TARIFA BANCARIA!!!,1005.0,Servicos
Aluguel,1953.11,Moradia
Hortifruti,174.4,Alimentacao
Tarifa Bancaria,381.85,Servicos
IDIOMAS,1336.0,Educacao
Tarifa Bancaria,215.1,Servicos
Academia,1272.61,Saude
ALUGUEL,1858.91,Moradia
Cartao de Credito!!!,820.52,Servicos
Aula Particular,678.99,Educacao
Pagamento Diverso,615.54,Outras
Livros,841.97,Educacao
STREAMING,650.06,Lazer
Faculdade,867.51,Educacao
Faculdade,202.81,Educacao
Lanche,727.53,Alimentacao
Teatro,559.13,Lazer
Cartao de Credito,1487.75,Servicos
Combustivel,1312.17,Transporte
Condominio,159.01,Moradia
Hotel,411.98,Lazer
FARMACIA,1784.26,Saude
Netflix,1822.59,Lazer
Metro,1012.7,Transporte
Padaria,266.58,Alimentacao
sushi,1630.92,Alimentacao
pagamento diverso,1560.95,Outras
Convenio,328.41,Servicos
Gas,1583.39,Moradia
PIX,1419.43,Outras
Gasolina,590.77,Transporte
Hospital,1583.34,Saude
IPTU,1300.8,Moradia
netflix,1446.94,Lazer
Convenio,1255.65,Servicos
Acougue,361.7,Alimentacao
Lanche,1878.64,Alimentacao
Pedagio,1256.2,Transporte
IPTU,415.8,Moradia
Tarifa Bancaria,873.47,Servicos
PSICOLOGO,1726.08,Saude
Gas,1298.65,Moradia
FEIRA,1219.57,Alimentacao
GASOLINA,1941.07,Transporte
99!!!,774.14,Transporte
Combustivel,97.04,Transporte
IPTU,36.86,Moradia
Restaurante,1706.91,Alimentacao
estacionamento,1632.78,Transporte
Livros,1091.62,Educacao
Aula Particular!!!,1093.84,Educacao
99,12.41,Transporte
Aluguel,713.09,Moradia
Curso Online,1376.66,Educacao
METRO,1912.14,Transporte
Cinema,1847.41,Lazer
Combustivel,1065.66,Transporte
dentista,1636.95,Saude
Cinema,744.53,Lazer
Idiomas,1579.82,Educacao
Plano de Saude,1445.47,Saude
PAGAMENTO DIVERSO,297.89,Outras
SHOW,853.43,Lazer
Convenio,1606.26,Servicos
Agua,1072.2,Moradia
agua,1555.42,Moradia
REFORMA,1702.68,Moradia
Teatro,229.21,Lazer
Netflix,1639.83,Lazer
faculdade,1826.78,Educacao
Condominio!!!,1924.48,Moradia
Dentista,855.17,Saude
Restaurante,1742.25,Alimentacao
Padaria!!!,1142.67,Alimentacao
Tarifa Bancaria,288.82,Servicos
Faculdade,1564.98,Educacao
FEIRA,1212.31,Alimentacao
MEDICAMENTO,1897.0,Saude
PIX,1421.61,Outras
Tarifa Bancaria!!!,1902.64,Servicos
Agua,375.55,Moradia
Metro,816.15,Transporte
TARIFA BANCARIA,547.14,Servicos
Uber,677.59,Transporte
ENERGIA ELETRICA,31.84,Moradia
Curso Online,74.41,Educacao
Mensalidade Escolar,1131.84,Educacao
PAGAMENTO DIVERSO,1961.28,Outras
Faculdade,787.38,Educacao
Show!!!,1485.49,Lazer
99,1178.48,Transporte
Seguro,587.34,Servicos
psicologo,470.82,Saude
IPTU,1439.92,Moradia
Parque,727.03,Lazer
Cartao de Credito,781.39,Servicos
Gas,1138.13,Moradia
Pagamento Diverso,1742.21,Outras
METRO,331.33,Transporte
Material Didatico!!!,1546.16,Educacao
Faculdade,889.67,Educacao
Consulta Medica,733.31,Saude
Faculdade,1364.36,Educacao
PIX,634.15,Outras
Pedagio,1752.32,Transporte
Sushi,1402.49,Alimentacao
Padaria,324.83,Alimentacao
Cartao de Credito,1341.61,Servicos
Parque,1638.4,Lazer
UBER,799.92,Transporte
Tarifa Bancaria!!!,1212.7,Servicos
Reforma,914.61,Moradia
PSICOLOGO,1975.74,Saude
Cartao de Credito,865.92,Servicos
transferencia,1370.51,Outras
Livros!!!,816.09,Educacao
Idiomas,1054.31,Educacao
Curso Online,690.62,Educacao
curso online,1075.66,Educacao
Dentista,784.38,Saude
Lanche,164.84,Alimentacao
Exame,1471.37,Saude
STREAMING,1729.96,Lazer
Pedagio,1976.59,Transporte
Psicologo,82.61,Saude
Agua,1205.88,Moradia
Energia Eletrica,1362.46,Moradia
Acougue,1009.15,Alimentacao
Metro,826.67,Transporte
Teatro,678.29,Lazer
Psicologo,1193.83,Saude
Seguro,1363.76,Servicos
Aula Particular,1715.42,Educacao
UBER,216.31,Transporte
Metro,1338.74,Transporte
Tarifa Bancaria,768.35,Servicos
IPTU,1935.56,Moradia
Boleto Avulso,1571.42,Outras
Cartao de Credito,1020.05,Servicos
Aula Particular,1592.33,Educacao
Fatura Cartao,834.97,Servicos
SUPERMERCADO,1641.87,Alimentacao
netflix,1115.92,Lazer
Tarifa Bancaria,112.65,Servicos
Tarifa Bancaria,1458.94,Servicos
Assinatura Software,208.16,Servicos
medicamento,1526.72,Saude
Idiomas,415.49,Educacao
Combustivel,1190.64,Transporte
Sushi,166.76,Alimentacao
Cartao de Credito,912.88,Servicos
Show,600.88,Lazer
Reforma,1543.08,Moradia
FEIRA,1735.21,Alimentacao
Metro,292.25,Transporte
CURSO ONLINE,1678.25,Educacao
Cartao de Credito!!!,1918.84,Servicos
Estacionamento,634.03,Transporte
TRANSFERENCIA,1138.91,Outras
Restaurante,972.98,Alimentacao
Padaria,251.97,Alimentacao
lanche,1735.08,Alimentacao
ESTACIONAMENTO,261.89,Transporte
FACULDADE,1307.33,Educacao
Boleto Avulso,1845.47,Outras
curso online,1924.12,Educacao
Manutencao,339.65,Transporte
Reforma,853.24,Moradia
Idiomas,772.26,Educacao
Gas,1640.49,Moradia
Transferencia,513.6,Outras
Assinatura Software,1901.25,Servicos
SPOTIFY,1583.88,Lazer
viagem,1561.23,Lazer
Combustivel!!!,936.1,Transporte
Viagem,1207.59,Lazer
Aluguel,1893.08,Moradia
Manutencao,1514.84,Transporte
NETFLIX,103.12,Lazer
FACULDADE,1186.43,Educacao
GAS,1155.76,Moradia
Pizzaria,811.59,Alimentacao
Acougue!!!,1607.0,Alimentacao
Livros,168.74,Educacao
Parque,1395.95,Lazer
Boleto Avulso,251.61,Outras
CINEMA!!!,652.49,Lazer
TARIFA BANCARIA,744.07,Servicos
Supermercado,230.5,Alimentacao
Mensalidade Escolar,1585.34,Educacao
Assinatura Software,1171.07,Servicos
Gasolina,1172.42,Transporte
Fatura Cartao,1059.9,Servicos
Boleto Avulso,1464.42,Outras
Aluguel,174.76,Moradia
Reforma,1392.98,Moradia
METRO,1638.84,Transporte
AGUA,1060.01,Moradia
Hotel,1697.14,Lazer
Gasolina,1950.38,Transporte
IPTU!!!,1375.67,Moradia
Gasolina,229.3,Transporte
PIZZARIA,910.76,Alimentacao
Mensalidade Escolar!!!,309.73,Educacao
Convenio,745.86,Servicos
Hortifruti,595.07,Alimentacao
Tarifa Bancaria,992.3,Servicos
Cartao de Credito,1918.35,Servicos
ALUGUEL,141.04,Moradia
Onibus,1434.49,Transporte
seguro,543.85,Servicos
Condominio,583.11,Moradia
AULA PARTICULAR,1248.02,Educacao
Idiomas,637.07,Educacao
gasolina,35.34,Transporte
Boleto Avulso,535.03,Outras
Gasolina,1192.07,Transporte
Pagamento Diverso,227.68,Outras
Sushi,464.29,Alimentacao
Plano de Saude,678.0,Saude
PIX,978.12,Outras
PARQUE,1783.83,Lazer
Pagamento Diverso,1283.2,Outras
Dentista,291.85,Saude
Pagamento Diverso,1946.85,Outras
Viagem,1910.08,Lazer
Onibus,1799.45,Transporte
Transferencia,1777.11,Outras
Convenio,625.55,Servicos
Sushi,1228.61,Alimentacao
Seguro,700.53,Servicos
Combustivel,937.97,Transporte
Medicamento,1332.0,Saude
Faculdade,41.03,Educacao
Ifood,115.85,Alimentacao
Mensalidade Escolar,11.28,Educacao
Curso Online,1719.43,Educacao
Consulta Medica,1468.78,Saude
Convenio,73.95,Servicos
Viagem,850.9,Lazer
Onibus,354.87,Transporte
Fatura Cartao,286.96,Servicos
energia eletrica,180.34,Moradia
Transferencia,879.42,Outras
Medicamento,1870.41,Saude
Parque,1923.28,Lazer
Pagamento Diverso,185.97,Outras
Hospital,752.49,Saude
Mensalidade Escolar,811.85,Educacao
Pizzaria,925.84,Alimentacao
restaurante,673.63,Alimentacao
Onibus,1729.99,Transporte
Manutencao,115.51,Transporte
gas,454.85,Moradia
Hospital,1873.7,Saude
TRANSFERENCIA,250.86,Outras
Estacionamento,1667.13,Transporte
BOLETO AVULSO,1965.57,Outras
IPTU,1229.39,Moradia
Pagamento Diverso,377.77,Outras
Condominio,408.7,Moradia
PIX,1181.64,Outras
Hotel,223.6,Lazer
SEGURO,784.96,Servicos
Mensalidade Escolar,1243.55,Educacao
Acougue,1448.9,Alimentacao
Mensalidade Escolar,1713.12,Educacao
Energia Eletrica,1030.96,Moradia
Plano de Saude,685.19,Saude
Hospital,1847.72,Saude
Metro,1321.35,Transporte
Curso Online,1165.64,Educacao
cartao de credito,202.12,Servicos
Metro,1522.22,Transporte
Aluguel,1786.02,Moradia
CARTAO DE CREDITO,888.64,Servicos
Streaming,1400.46,Lazer
Tarifa Bancaria,407.47,Servicos
Faculdade,410.37,Educacao
Dentista,392.67,Saude
Restaurante,1787.65,Alimentacao
Spotify,688.02,Lazer
Transferencia,952.73,Outras
Netflix,284.37,Lazer
Metro,151.03,Transporte
Gasolina,244.68,Transporte
Aluguel,455.8,Moradia
Idiomas,145.23,Educacao
hospital,1864.3,Saude
Faculdade,1784.7,Educacao
PIX!!!,409.02,Outras
Padaria,665.92,Alimentacao
Ifood,1132.07,Alimentacao
Acougue,1200.31,Alimentacao
99,1449.43,Transporte
Combustivel,707.01,Transporte
PIX,463.23,Outras
Supermercado,1073.03,Alimentacao
Fatura Cartao!!!,780.38,Servicos
fatura cartao,240.01,Servicos
Manutencao,395.35,Transporte
Cartao de Credito!!!,832.0,Servicos
Supermercado,123.2,Alimentacao
Padaria,635.11,Alimentacao
ENERGIA ELETRICA,1316.61,Moradia
Onibus,1413.46,Transporte
Viagem,740.2,Lazer
Idiomas,542.4,Educacao
Combustivel,1901.62,Transporte
pix,1046.78,Outras
